dados,prob_1o_lancamento,otima_lanc1,otima_lanc2,otima_lanc3,gulosa_lanc1
11111,1/7776,marca General,marca General,marca General,marca General
11112,5/7776,guarda 1111,guarda 1111,marca Quadrada,marca Quadrada
11113,5/7776,guarda 1111,guarda 1111,marca Quadrada,marca Quadrada
11114,5/7776,guarda 1111,guarda 1111,marca Quadrada,marca Quadrada
11115,5/7776,guarda 1111,guarda 1111,marca Quadrada,marca Quadrada
11116,5/7776,guarda 1111,guarda 1111,marca Quadrada,marca Quadrada
11122,10/7776,marca Fú,marca Fú,marca Fú,marca Fú
11123,20/7776,guarda 111,guarda 111,marca Ás,guarda 111
11124,20/7776,guarda 111,guarda 111,marca Ás,guarda 111
11125,20/7776,guarda 111,guarda 111,marca Ás,guarda 111
11126,20/7776,guarda 111,guarda 111,marca Ás,guarda 111
11133,10/7776,marca Fú,marca Fú,marca Fú,marca Fú
11134,20/7776,guarda 111,guarda 111,marca Ás,guarda 111
11135,20/7776,guarda 111,guarda 111,marca Ás,guarda 111
11136,20/7776,guarda 111,guarda 111,marca Ás,guarda 111
11144,10/7776,marca Fú,marca Fú,marca Fú,marca Fú
11145,20/7776,guarda 111,guarda 111,marca Ás,guarda 111
11146,20/7776,guarda 111,guarda 111,marca Ás,guarda 111
11155,10/7776,marca Fú,marca Fú,marca Fú,marca Fú
11156,20/7776,guarda 111,guarda 111,marca Ás,guarda 111
11166,10/7776,marca Fú,marca Fú,marca Fú,marca Fú
11222,10/7776,marca Fú,marca Fú,marca Fú,marca Fú
11223,30/7776,guarda 22,guarda 1122,marca Duque,guarda 22
11224,30/7776,guarda 22,guarda 1122,marca Duque,guarda 22
11225,30/7776,guarda 22,guarda 1122,marca Duque,guarda 22
11226,30/7776,guarda 22,guarda 1122,marca Duque,guarda 22
11233,30/7776,guarda 33,guarda 33,marca Ás,guarda 33
11234,60/7776,guarda 11,guarda 1234,marca Ás,guarda 11
11235,60/7776,guarda 11,guarda 1235,marca Ás,guarda 11
11236,60/7776,guarda 11,guarda 11,marca Ás,guarda 11
11244,30/7776,guarda 44,guarda 44,marca Ás,guarda 44
11245,60/7776,guarda 11,guarda 1245,marca Ás,guarda 11
11246,60/7776,guarda 11,guarda 11,marca Ás,guarda 11
11255,30/7776,guarda 55,guarda 1155,marca Ás,guarda 55
11256,60/7776,guarda 11,guarda 11,marca Ás,guarda 11
11266,30/7776,guarda 66,guarda 66,marca Ás,guarda 66
11333,10/7776,marca Fú,marca Fú,marca Fú,marca Fú
11334,30/7776,guarda 33,guarda 33,marca Ás,guarda 33
11335,30/7776,guarda 33,guarda 33,marca Ás,guarda 33
11336,30/7776,guarda 33,guarda 33,marca Ás,guarda 33
11344,30/7776,guarda 44,guarda 44,marca Ás,guarda 44
11345,60/7776,guarda 11,guarda 1345,marca Ás,guarda 11
11346,60/7776,guarda 11,guarda 11,marca Ás,guarda 11
11355,30/7776,guarda 55,guarda 1155,marca Ás,guarda 55
11356,60/7776,guarda 11,guarda 11,marca Ás,guarda 11
11366,30/7776,guarda 66,guarda 66,marca Ás,guarda 66
11444,10/7776,marca Fú,guarda 444,marca Fú,marca Fú
11445,30/7776,guarda 44,guarda 44,marca Ás,guarda 44
11446,30/7776,guarda 44,guarda 44,marca Ás,guarda 44
11455,30/7776,guarda 55,guarda 1155,marca Ás,guarda 55
11456,60/7776,guarda 11,guarda 11,marca Ás,guarda 11
11466,30/7776,guarda 66,guarda 66,marca Ás,guarda 66
11555,10/7776,marca Fú,guarda 555,marca Fú,marca Fú
11556,30/7776,guarda 55,guarda 1155,marca Ás,guarda 55
11566,30/7776,guarda 66,guarda 66,marca Ás,guarda 66
11666,10/7776,marca Fú,guarda 666,marca Fú,marca Fú
12222,5/7776,guarda 2222,guarda 2222,marca Quadrada,marca Quadrada
12223,20/7776,guarda 222,guarda 222,marca Duque,guarda 222
12224,20/7776,guarda 222,guarda 222,marca Duque,guarda 222
12225,20/7776,guarda 222,guarda 222,marca Duque,guarda 222
12226,20/7776,guarda 222,guarda 222,marca Duque,guarda 222
12233,30/7776,guarda 33,guarda 2233,marca Duque,guarda 33
12234,60/7776,guarda 22,guarda 22,marca Duque,guarda 22
12235,60/7776,guarda 22,guarda 22,marca Duque,guarda 22
12236,60/7776,guarda 22,guarda 22,marca Duque,guarda 22
12244,30/7776,guarda 44,guarda 2244,marca Duque,guarda 44
12245,60/7776,guarda 22,guarda 22,marca Duque,guarda 22
12246,60/7776,guarda 22,guarda 22,marca Duque,guarda 22
12255,30/7776,guarda 55,guarda 2255,marca Duque,guarda 55
12256,60/7776,guarda 22,guarda 22,marca Duque,guarda 22
12266,30/7776,guarda 66,guarda 2266,marca Duque,guarda 66
12333,20/7776,guarda 333,guarda 333,marca Terno,guarda 333
12334,60/7776,guarda 33,guarda 33,marca Terno,guarda 33
12335,60/7776,guarda 33,guarda 33,marca Terno,guarda 33
12336,60/7776,guarda 33,guarda 33,marca Terno,guarda 33
12344,60/7776,guarda 44,guarda 44,marca Quadra,guarda 44
12345,120/7776,marca Seguida,marca Seguida,marca Seguida,marca Seguida
12346,120/7776,guarda 234,guarda 1234,marca Ás,guarda 6
12355,60/7776,guarda 55,guarda 55,marca Ás,guarda 55
12356,120/7776,guarda 235,guarda 1235,marca Ás,guarda 6
12366,60/7776,guarda 66,guarda 66,marca Ás,guarda 66
12444,20/7776,guarda 444,guarda 444,marca Quadra,guarda 444
12445,60/7776,guarda 44,guarda 44,marca Quadra,guarda 44
12446,60/7776,guarda 44,guarda 44,marca Quadra,guarda 44
12455,60/7776,guarda 55,guarda 55,marca Ás,guarda 55
12456,120/7776,guarda 245,guarda 1245,marca Ás,guarda 6
12466,60/7776,guarda 66,guarda 66,marca Ás,guarda 66
12555,20/7776,guarda 555,guarda 555,marca Quina,guarda 555
12556,60/7776,guarda 55,guarda 55,marca Ás,guarda 55
12566,60/7776,guarda 66,guarda 66,marca Ás,guarda 66
12666,20/7776,guarda 666,guarda 666,marca Sena,guarda 666
13333,5/7776,guarda 3333,guarda 3333,marca Quadrada,marca Quadrada
13334,20/7776,guarda 333,guarda 333,marca Terno,guarda 333
13335,20/7776,guarda 333,guarda 333,marca Terno,guarda 333
13336,20/7776,guarda 333,guarda 333,marca Terno,guarda 333
13344,30/7776,guarda 44,guarda 44,marca Terno,guarda 44
13345,60/7776,guarda 33,guarda 33,marca Terno,guarda 33
13346,60/7776,guarda 33,guarda 33,marca Terno,guarda 33
13355,30/7776,guarda 55,guarda 33,marca Terno,guarda 55
13356,60/7776,guarda 33,guarda 33,marca Terno,guarda 33
13366,30/7776,guarda 66,guarda 66,marca Terno,guarda 66
13444,20/7776,guarda 444,guarda 444,marca Quadra,guarda 444
13445,60/7776,guarda 44,guarda 44,marca Quadra,guarda 44
13446,60/7776,guarda 44,guarda 44,marca Quadra,guarda 44
13455,60/7776,guarda 55,guarda 55,marca Ás,guarda 55
13456,120/7776,guarda 345,guarda 1345,marca Ás,guarda 6
13466,60/7776,guarda 66,guarda 66,marca Ás,guarda 66
13555,20/7776,guarda 555,guarda 555,marca Quina,guarda 555
13556,60/7776,guarda 55,guarda 55,marca Ás,guarda 55
13566,60/7776,guarda 66,guarda 66,marca Ás,guarda 66
13666,20/7776,guarda 666,guarda 666,marca Sena,guarda 666
14444,5/7776,guarda 4444,guarda 4444,marca Quadrada,marca Quadrada
14445,20/7776,guarda 444,guarda 444,marca Quadra,guarda 444
14446,20/7776,guarda 444,guarda 444,marca Quadra,guarda 444
14455,30/7776,guarda 55,guarda 44,marca Quadra,guarda 55
14456,60/7776,guarda 44,guarda 44,marca Quadra,guarda 44
14466,30/7776,guarda 66,guarda 66,marca Quadra,guarda 66
14555,20/7776,guarda 555,guarda 555,marca Quina,guarda 555
14556,60/7776,guarda 55,guarda 55,marca Ás,guarda 55
14566,60/7776,guarda 66,guarda 66,marca Ás,guarda 66
14666,20/7776,guarda 666,guarda 666,marca Sena,guarda 666
15555,5/7776,guarda 5555,guarda 5555,marca Quadrada,marca Quadrada
15556,20/7776,guarda 555,guarda 555,marca Quina,guarda 555
15566,30/7776,guarda 66,guarda 66,marca Ás,guarda 66
15666,20/7776,guarda 666,guarda 666,marca Sena,guarda 666
16666,5/7776,guarda 6666,guarda 6666,marca Quadrada,marca Quadrada
22222,1/7776,marca General,marca General,marca General,marca General
22223,5/7776,guarda 2222,guarda 2222,marca Quadrada,marca Quadrada
22224,5/7776,guarda 2222,guarda 2222,marca Quadrada,marca Quadrada
22225,5/7776,guarda 2222,guarda 2222,marca Quadrada,marca Quadrada
22226,5/7776,guarda 2222,guarda 2222,marca Quadrada,marca Quadrada
22233,10/7776,marca Fú,marca Fú,marca Fú,marca Fú
22234,20/7776,guarda 222,guarda 222,marca Duque,guarda 222
22235,20/7776,guarda 222,guarda 222,marca Duque,guarda 222
22236,20/7776,guarda 222,guarda 222,marca Duque,guarda 222
22244,10/7776,marca Fú,marca Fú,marca Fú,marca Fú
22245,20/7776,guarda 222,guarda 222,marca Duque,guarda 222
22246,20/7776,guarda 222,guarda 222,marca Duque,guarda 222
22255,10/7776,marca Fú,marca Fú,marca Fú,marca Fú
22256,20/7776,guarda 222,guarda 222,marca Duque,guarda 222
22266,10/7776,marca Fú,marca Fú,marca Fú,marca Fú
22333,10/7776,marca Fú,marca Fú,marca Fú,marca Fú
22334,30/7776,guarda 33,guarda 2233,marca Duque,guarda 33
22335,30/7776,guarda 33,guarda 2233,marca Duque,guarda 33
22336,30/7776,guarda 33,guarda 2233,marca Duque,guarda 33
22344,30/7776,guarda 44,guarda 2244,marca Duque,guarda 44
22345,60/7776,guarda 2345,guarda 2345,marca Duque,guarda 22
22346,60/7776,guarda 22,guarda 22,marca Duque,guarda 22
22355,30/7776,guarda 55,guarda 2255,marca Duque,guarda 55
22356,60/7776,guarda 22,guarda 22,marca Duque,guarda 22
22366,30/7776,guarda 66,guarda 2266,marca Duque,guarda 66
22444,10/7776,marca Fú,guarda 444,marca Fú,marca Fú
22445,30/7776,guarda 44,guarda 2244,marca Duque,guarda 44
22446,30/7776,guarda 44,guarda 2244,marca Duque,guarda 44
22455,30/7776,guarda 55,guarda 2255,marca Duque,guarda 55
22456,60/7776,guarda 22,guarda 22,marca Duque,guarda 22
22466,30/7776,guarda 66,guarda 2266,marca Duque,guarda 66
22555,10/7776,marca Fú,guarda 555,marca Fú,marca Fú
22556,30/7776,guarda 55,guarda 2255,marca Duque,guarda 55
22566,30/7776,guarda 66,guarda 2266,marca Duque,guarda 66
22666,10/7776,marca Fú,guarda 666,marca Fú,marca Fú
23333,5/7776,guarda 3333,guarda 3333,marca Quadrada,marca Quadrada
23334,20/7776,guarda 333,guarda 333,marca Terno,guarda 333
23335,20/7776,guarda 333,guarda 333,marca Terno,guarda 333
23336,20/7776,guarda 333,guarda 333,marca Terno,guarda 333
23344,30/7776,guarda 44,guarda 44,marca Terno,guarda 44
23345,60/7776,guarda 2345,guarda 2345,marca Terno,guarda 33
23346,60/7776,guarda 33,guarda 33,marca Terno,guarda 33
23355,30/7776,guarda 55,guarda 33,marca Terno,guarda 55
23356,60/7776,guarda 33,guarda 33,marca Terno,guarda 33
23366,30/7776,guarda 66,guarda 66,marca Terno,guarda 66
23444,20/7776,guarda 444,guarda 444,marca Quadra,guarda 444
23445,60/7776,guarda 2345,guarda 2345,marca Quadra,guarda 44
23446,60/7776,guarda 44,guarda 44,marca Quadra,guarda 44
23455,60/7776,guarda 2345,guarda 2345,marca Quina,guarda 55
23456,120/7776,marca Seguida,marca Seguida,marca Seguida,marca Seguida
23466,60/7776,guarda 66,guarda 66,marca Sena,guarda 66
23555,20/7776,guarda 555,guarda 555,marca Quina,guarda 555
23556,60/7776,guarda 55,guarda 55,marca Quina,guarda 55
23566,60/7776,guarda 66,guarda 66,marca Sena,guarda 66
23666,20/7776,guarda 666,guarda 666,marca Sena,guarda 666
24444,5/7776,guarda 4444,guarda 4444,marca Quadrada,marca Quadrada
24445,20/7776,guarda 444,guarda 444,marca Quadra,guarda 444
24446,20/7776,guarda 444,guarda 444,marca Quadra,guarda 444
24455,30/7776,guarda 55,guarda 44,marca Quadra,guarda 55
24456,60/7776,guarda 44,guarda 44,marca Quadra,guarda 44
24466,30/7776,guarda 66,guarda 66,marca Quadra,guarda 66
24555,20/7776,guarda 555,guarda 555,marca Quina,guarda 555
24556,60/7776,guarda 55,guarda 55,marca Quina,guarda 55
24566,60/7776,guarda 66,guarda 66,marca Sena,guarda 66
24666,20/7776,guarda 666,guarda 666,marca Sena,guarda 666
25555,5/7776,guarda 5555,guarda 5555,marca Quadrada,marca Quadrada
25556,20/7776,guarda 555,guarda 555,marca Quina,guarda 555
25566,30/7776,guarda 66,guarda 66,marca Quina,guarda 66
25666,20/7776,guarda 666,guarda 666,marca Sena,guarda 666
26666,5/7776,guarda 6666,guarda 6666,marca Quadrada,marca Quadrada
33333,1/7776,marca General,marca General,marca General,marca General
33334,5/7776,guarda 3333,guarda 3333,marca Quadrada,marca Quadrada
33335,5/7776,guarda 3333,guarda 3333,marca Quadrada,marca Quadrada
33336,5/7776,guarda 3333,guarda 3333,marca Quadrada,marca Quadrada
33344,10/7776,marca Fú,marca Fú,marca Fú,marca Fú
33345,20/7776,guarda 333,guarda 333,marca Terno,guarda 333
33346,20/7776,guarda 333,guarda 333,marca Terno,guarda 333
33355,10/7776,marca Fú,marca Fú,marca Fú,marca Fú
33356,20/7776,guarda 333,guarda 333,marca Terno,guarda 333
33366,10/7776,marca Fú,marca Fú,marca Fú,marca Fú
33444,10/7776,marca Fú,guarda 444,marca Fú,marca Fú
33445,30/7776,guarda 44,guarda 44,marca Terno,guarda 44
33446,30/7776,guarda 44,guarda 44,marca Terno,guarda 44
33455,30/7776,guarda 55,guarda 33,marca Terno,guarda 55
33456,60/7776,guarda 33,guarda 33,marca Terno,guarda 33
33466,30/7776,guarda 66,guarda 66,marca Terno,guarda 66
33555,10/7776,marca Fú,guarda 555,marca Fú,marca Fú
33556,30/7776,guarda 55,guarda 33,marca Terno,guarda 55
33566,30/7776,guarda 66,guarda 66,marca Terno,guarda 66
33666,10/7776,marca Fú,guarda 666,marca Fú,marca Fú
34444,5/7776,guarda 4444,guarda 4444,marca Quadrada,marca Quadrada
34445,20/7776,guarda 444,guarda 444,marca Quadra,guarda 444
34446,20/7776,guarda 444,guarda 444,marca Quadra,guarda 444
34455,30/7776,guarda 55,guarda 44,marca Quadra,guarda 55
34456,60/7776,guarda 44,guarda 44,marca Quadra,guarda 44
34466,30/7776,guarda 66,guarda 66,marca Quadra,guarda 66
34555,20/7776,guarda 555,guarda 555,marca Quina,guarda 555
34556,60/7776,guarda 55,guarda 55,marca Quina,guarda 55
34566,60/7776,guarda 66,guarda 66,marca Sena,guarda 66
34666,20/7776,guarda 666,guarda 666,marca Sena,guarda 666
35555,5/7776,guarda 5555,guarda 5555,marca Quadrada,marca Quadrada
35556,20/7776,guarda 555,guarda 555,marca Quina,guarda 555
35566,30/7776,guarda 66,guarda 66,marca Quina,guarda 66
35666,20/7776,guarda 666,guarda 666,marca Sena,guarda 666
36666,5/7776,guarda 6666,guarda 6666,marca Quadrada,marca Quadrada
44444,1/7776,marca General,marca General,marca General,marca General
44445,5/7776,guarda 4444,guarda 4444,marca Quadrada,marca Quadrada
44446,5/7776,guarda 4444,guarda 4444,marca Quadrada,marca Quadrada
44455,10/7776,marca Fú,guarda 444,marca Fú,marca Fú
44456,20/7776,guarda 444,guarda 444,marca Quadra,guarda 444
44466,10/7776,marca Fú,guarda 444,marca Fú,marca Fú
44555,10/7776,marca Fú,guarda 555,marca Fú,marca Fú
44556,30/7776,guarda 55,guarda 44,marca Quadra,guarda 55
44566,30/7776,guarda 66,guarda 66,marca Quadra,guarda 66
44666,10/7776,marca Fú,guarda 666,marca Fú,marca Fú
45555,5/7776,guarda 5555,guarda 5555,marca Quadrada,marca Quadrada
45556,20/7776,guarda 555,guarda 555,marca Quina,guarda 555
45566,30/7776,guarda 66,guarda 66,marca Quina,guarda 66
45666,20/7776,guarda 666,guarda 666,marca Sena,guarda 666
46666,5/7776,guarda 6666,guarda 6666,marca Quadrada,marca Quadrada
55555,1/7776,marca General,marca General,marca General,marca General
55556,5/7776,guarda 5555,guarda 5555,marca Quadrada,marca Quadrada
55566,10/7776,marca Fú,guarda 555,marca Fú,marca Fú
55666,10/7776,marca Fú,guarda 666,marca Fú,marca Fú
56666,5/7776,guarda 6666,guarda 6666,marca Quadrada,marca Quadrada
66666,1/7776,marca General,marca General,marca General,marca General
